StartDate,EndDate,Status,IPAddress,Progress,Duration (in seconds),Finished,RecordedDate,ResponseId,RecipientLastName,RecipientFirstName,RecipientEmail,ExternalReference,LocationLatitude,LocationLongitude,DistributionChannel,UserLanguage,Consent,.,ps_0,ps_1,meta_Browser,meta_Version,meta_Operating System,meta_Resolution,ai_tool_use_1,ai_tool_use_2,ai_tool_use_3,ai_tool_use_4,ai_tool_use_5,ai_tool_use_6,ai_tool_use_7,ai_tool_use_8,ai_tool_use_9,ai_tool_use_9_TEXT,ai_tool_context_1,ai_tool_context_2,ai_tool_context_3,ai_tool_context_4,ai_tool_context_5,ai_tool_context_6,ai_tool_context_7,ai_tool_context_8,ai_tool_context_9,ai_tool_context_10,ai_tool_context_11,ai_tool_context_12,ai_tool_context_12_TEXT,gender,education,income,zipcode,profession,profession_59_TEXT,relationship,relationship_8_TEXT,family,family_6_TEXT,race,hispanic,political_leaning,political_leaning_4_TEXT,prior_mental_health,prior_mental_health_8_TEXT,overall_quality,overall_quality_work,overall_quality_pers,fl_satisfaction_1,fl_satisfaction_1_ai,fl_satisfaction_2,fl_satisfaction_2_ai,fl_health_1,fl_health_1_ai,fl_health_2,fl_health_2_ai,fl_purpose_1,fl_purpose_1_ai,fl_purpose_2,fl_purpose_2_ai,fl_character_1,fl_character_1_ai,fl_character_2,fl_character_2_ai,fl_social_1,fl_social_1_ai,fl_social_2,fl_social_2_ai,fl_financial_1,financial_1_ai,attn_2,engagement_1,engagement_1_ai,engagement_2,engagement_2_ai,engagement_3,engagement_3_ai,mastery_skills_1,mastery_skills_1_ai,mastery_skills_2,mastery_skills_2_ai,mastery_skills_3,mastery_skills_3_ai,mastery_learn_1,mastery_learn_2,mastery_learn_3,mastery_accomplish_1,mastery_accomplish_2,mastery_accomplish_3,mastery_efficacy_1,mastery_efficacy_2,mastery_efficacy_3,mastery_worth_1,mastery_worth_2,mastery_worth_3,agency_control_1,agency_control_1_ai,agency_control_2,agency_control_2_ai,agency_control_3,agency_control_3,agency_control_4_ai,attn_3,ex_reasoning_1,ex_reasoning_2,ex_reasoning_3,ex_reasoning_4,ex_reasoning_5,ex_reasoning_6,ex_reasoning_7,ex_reasoning_8,ex_reasoning_9,ex_reasoning_10,ex_reasoning_11,ex_reasoning_12,ex_reasoning_13,ex_reasoning_14,ex_reasoning_15,ex_reasoning_16,ex_reasoning_17,ex_creativity_1,ex_creativity_2,ex_creativity_3,ex_creativity_4,ex_creativity_5,ex_creativity_6,ex_creativity_7,ex_creativity_8,ex_creativity_9,ex_creativity_10,ex_creativity_11,bhv_reasoning_1,bhv_reasoning_2,bhv_learn_1,bhv_learn_2,bhv_social_1,bhv_social_2,bhv_purpose_1,bhv_purpose_2,bhv_health_1,bhv_health_2,add_work_1,add_work_2,add_work_3,add_work_4,add_work_5,add_work_6,add_work_7,add_students_1,add_students_2,add_students_3,add_students_4,add_students_5,add_social_1,add_social_2,add_social_3,add_social_4,add_social_5,add_social_6,add_social_7,add_social_8,add_social_9,add_learn_1,add_learn_2,add_learn_3,add_learn_4,add_learn_5,add_learn_6,add_learn_7,add_meaning_1,add_meaning_2,add_meaning_3,add_meaning_4,add_meaning_5,PROLIFIC_PID
Start Date,End Date,Response Type,IP Address,Progress,Duration (in seconds),Finished,Recorded Date,Response ID,Recipient Last Name,Recipient First Name,Recipient Email,External Data Reference,Location Latitude,Location Longitude,Distribution Channel,User Language,"Informed Consent

This is an MIT research project. All data for research is collected anonymously for research purposes. We will ask you about your attitudes towards information and AI systems. For questions, please contact vdanry@mit.edu. If you are under 18 years old, please do not continue this survey.",What is your Prolific ID,Please enter the number you see in the image (use numerical digits),"Help us keep track of who is paying attention, please select -  ""Somewhat disagree""  in the options below.",Click to write the question text - Browser,Click to write the question text - Version,Click to write the question text - Operating System,Click to write the question text - Resolution,"Which types of AI tools do you currently use? - Text-based chatbots (e.g., ChatGPT, Gemini chat, Claude)","Which types of AI tools do you currently use? - Coding assistants (e.g., GitHub Copilot, Claude Code, Claude Cowork, Codex, Cursor, Antigravity)","Which types of AI tools do you currently use? - Image generators (e.g., DALL·E, Midjourney, Stable Diffusion, ChatGPT, NanoBanana (Gemini))","Which types of AI tools do you currently use? - Video or audio generators (e.g., AI video ads, music generators)","Which types of AI tools do you currently use? - AI in office tools (e.g., “AI” in Docs, Office, Slides, email drafting)","Which types of AI tools do you currently use? - AI companions or characters (e.g., Replika, Character.AI or other character apps)","Which types of AI tools do you currently use? - Autonomous Agents (e.g. OpenClaw, OpenAI Operator, Slack AI Agents, Perplexity Comet)","Which types of AI tools do you currently use? - Robots / Embodied AI (e.g. Tesla Optimus, Figure 03, 1X NEO, toy robots with AI capabilities)",Which types of AI tools do you currently use? - Other (please specify),Which types of AI tools do you currently use? - Other (please specify) - Text,AI Tool Context - Work or professional tasks,AI Tool Context - Studying or academic work,AI Tool Context - Learning new topics on your own (outside formal education),"AI Tool Context - Creative projects (writing, art, music, design, etc.)","AI Tool Context - Getting advice about relationships, social situations, or communication",AI Tool Context - Getting emotional support or “someone to talk to”,"AI Tool Context - Planning your life (career choices, goals, big decisions)","AI Tool Context - Everyday tasks (shopping, scheduling, travel planning, recipes, etc.)",AI Tool Context - Searching for information and news,AI Tool Context - Medical Advice (mental/physical),AI Tool Context - Please select “About once a month.”,AI Tool Context - Other (please specify),AI Tool Context - Other (please specify) - Text,Gender,What is the highest level of school you have completed or the highest degree you have received?,Information about income is very important to understand for our study. Would you please give your best guess?Please indicate the answer that includes your entire household income in (previous year) before taxes.,What is your US Zip Code?,What is your profession? - Selected Choice,What is your profession? - Other (please specify) - Text,What is your relationship status? - Selected Choice,What is your relationship status? - Other - Text,What is your living status? - Selected Choice,What is your living status? - Other: - Text,Choose one or more races that you consider yourself to be,"Are you of Spanish, Hispanic, or Latino origin?","Generally speaking, do you usually think of yourself as a Republican, a Democrat, an Independent, or something else? - Selected Choice","Generally speaking, do you usually think of yourself as a Republican, a Democrat, an Independent, or something else? - Other - Text","Have you ever been diagnosed by a healthcare professional with any of the following mental health conditions?
Select all that apply. - Selected Choice","Have you ever been diagnosed by a healthcare professional with any of the following mental health conditions?
Select all that apply. - Other: - Text","Overall, considering both positives and negatives, how is your use of  AI tools affecting your quality of life?","Overall, considering both positives and negatives, how is your use of  AI tools affecting your quality of life in your work life?","Overall, considering both positives and negatives, how is your use of  AI tools affecting your quality of life in your personal life?","Overall, how satisfied are you with life as a whole these days?",How does using AI tools affect how satisfied you are with life as a whole these days?,"In general, how happy or unhappy do you usually feel?",How has using AI tools affected how happy or unhappy you usually feel?,"In general, how would you rate your physical health?",How has using AI tools affected your physical health?,How would you rate your overall mental health?,How has using AI tools affected your overall mental health?,"Overall, to what extent do you feel the things you do in your life are worthwhile?",How has using AI tools affected your sense of purpose in life?,I understand my purpose in life.,How has using AI tools affected your sense of purpose in life?,"I always act to promote good in all circumstances, even in difficult and challenging situations.","How has using AI tools affected your ability to act in ways you believe promote good, even in difficult or challenging situations?",I am always able to give up some happiness now for greater happiness later.,How has using AI tools affected your ability to give up some happiness now for greater happiness later?,I am content with my friendships and relationships with other people.,How has using AI tools affected how content you are with your friendships and relationships with other people?,My relationships with other people are as satisfying as I would want them to be.,"How has using AI tools affected the satisfaction of your relationships with other people, compared to how you would want them to be?",How often do you worry about being able to meet normal monthly living expenses?,How has using AI tools affected your worries about being able to meet normal monthly living expenses?,"How has AI contributed to people's learning and growth? For this item only, please disregard the statement and select “2.”",I get fully absorbed in activities I do,How has using AI tools affected how absorbed you get in activities you do??,"In most activities I do, I feel energized",How has using AI tools affected how absorbed you get in activities you do?,I get excited when I work on something,How has using AI tools affected how excited you get when working on something?,I use my skills a lot in my everyday life,How has using AI tools affected how much you use your own skills in everyday life?,I frequently use my talents,How has using AI tools affected how frequently you use your own talents?,I get to do what I am good at everyday,How has using AI tools affected you getting to do what you are good at everyday?,Because of AI I learned something new recently,Because of AI learning new things is important to me,Because of AI I am always learning something,Because of AI I am achieving many of my goals,Because of AI I am fulfilling my ambitions,Because of AI I am on track to reach my dreams,Because of AI I can succeed if I put my mind to it,Because of AI I am confident that I can deal with unexpected events,Because of AI I believe that I am capable in most things,Because of AI what I do in life is valuable and worthwhile,Because of AI the things I do contribute to society,Because of AI the work I do is important for other people,Other people decide most of my life decisions (R),AI decides most of my life decisions,The life choices I make are not really mine,The life choices I make are strongly influenced by AI,Other people decide what I can and cannot do,AI systems decide what I can and cannot do,AI agents (autonomous AI systems) have sometimes taken actions I didn’t intend,This is a quality-check item. Please select “Agree” for this statement.,"Because of AI, I understand complex topics better than I otherwise would.","Because of AI, I spend more time thinking about things.","Because of AI, I verify information more often.","Because of AI, I am better able to explain why I believe something is true.",I believe what AI tells me,I readily adopt AI suggestions without much scrutiny,"When AI gives me an answer, I can usually judge whether the reasoning is sound.",I feel confident in my own judgment when I don't use AI,I think through problems and decisions for myself without AI,"When AI gives me an answer, I usually think it through myself before deciding whether to accept it.",I feel that carefully checking AI’s output is unnecessary because it is usually right.,Using AI has made me less willing to struggle with difficult problems or tasks on my own.,"When AI and my own initial opinion disagree, I usually go with AI.",I have shared or acted on AI-generated information that I later found out was wrong.,A deep conversation with AI has left me feeling more confused or overwhelmed than when I started.,"Looking back, decisions I made with AI's help have generally turned out well.",I find it hard to make decisions without AI.,"Because of AI, I generate more original ideas.",Using AI has made me more willing to experiment or take creative risks.,"Because of AI, I feel more capable of expressing myself creatively.","Because of AI, I try creative activities I would not otherwise attempt.","Because of AI, I can develop rough ideas into finished work more easily.",Using AI makes my creative work feel less like my own.,"Because of AI, creativity feels like a more important part of who I am.",Using AI has expanded my sense of what I am capable of making.,"When I use AI in my creative work, I sometimes feel like I am a less skilled creator than I actually am.",I worry that relying on AI is eroding my own creative instincts or voice.,I have used AI to help me work through a creative block.,"In the past 6 months, before making an important decision, I used AI to compare options, check assumptions, or identify missing information.","In the past 6 months, I acted on AI’s advice or output without checking it as carefully as the situation required.","In the past 6 months, AI led me to start learning, practicing, or exploring a topic or skill I would not otherwise have pursued.","In the past 6 months, I used AI to avoid practicing, figuring out, or learning something I could have worked through myself.","In the past 6 months, AI helped me initiate, join, repair, or follow through on an in-person or online social interaction with another person.","In the past 6 months, I spent time engaging with AI instead of reaching out to, responding to, or spending time with people.","In the past 6 months, AI helped me set goals, make plans, or keep making progress on something I considered important or meaningful.","In the past 6 months, I used AI in ways that led me to spend less time or effort on activities, goals, or responsibilities that matter to me.","In the past 6 months, AI helped me start, maintain, or return to a healthy behavior or routine related to sleep, exercise, food, stress management, or medical self-care.","In the past 6 months, my use of AI contributed to losing sleep, being more sedentary, delaying care, or otherwise neglecting my mental or physical health.",I use AI in most of my work.,AI positively impacts my work.,I like using AI for work.,"I feel pressure — from colleagues, my manager or workload — to use AI even when I would prefer not to.",I worry that my job has become less meaningful.,I worry about AI taking over my job eventually.,AI has increased my job satisfaction.,"When I use AI to help me learn, I remember and can use what the AI system has taught me without using AI.",Using AI for schoolwork has reduced how much I actually learn the material.,I worry that my peers who use AI more are getting ahead unfairly.,AI has helped me engage with coursework I would otherwise have given up on.,I feel pressure — from peers or workload — to use AI even when I would prefer not to.,Conversations with AI generally leave me feeling better afterward.,Conversations with AI sometimes leave me feeling worse afterward,AI has made it easier for me to talk about difficult feelings.,Using AI for emotional support makes me more likely to seek help from friends or family.,"Using AI for emotional support makes me less likely to seek help from a professional (e.g., therapist, doctor, counselor).",AI has occasionally encouraged me to dwell on my problems instead of helping me move toward solutions.,I have noticed AI giving advice that could be unsafe or inappropriate for mental health or eating-related issues.,Using AI for emotional support sometimes delays me from seeking professional help when I might need it.,"At times, interacting with AI has made me question my grip on reality (for example, what is real vs not, or who is actually “there” with you).",AI makes it easier for me to start learning topics I would otherwise avoid.,"When I use AI to help me learn, I feel I understand the material more deeply.","When I use AI for school or work, I focus more on getting the answer than on understanding the reasoning.",Using AI has increased my curiosity to explore topics beyond what I’m required to learn.,"Compared with before I used AI, I now feel more confident in my ability to learn difficult things.","Because of AI, I sometimes put less effort into trying to understand things by myself.","When I use AI to help me learn, I remember and can use what the AI system has taught me without using AI.",AI tools help me clarify my long-term goals.,AI tools help me see more possible futures for myself.,AI tools sometimes make it harder for me to figure out what I truly want.,"When I make important life decisions with AI’s help, I still feel that the decisions are truly mine.",I worry that relying on AI could weaken my sense of who I am or what I stand for.,PROLIFIC_PID
"{""ImportId"":""startDate"",""timeZone"":""America/Denver""}","{""ImportId"":""endDate"",""timeZone"":""America/Denver""}","{""ImportId"":""status""}","{""ImportId"":""ipAddress""}","{""ImportId"":""progress""}","{""ImportId"":""duration""}","{""ImportId"":""finished""}","{""ImportId"":""recordedDate"",""timeZone"":""America/Denver""}","{""ImportId"":""_recordId""}","{""ImportId"":""recipientLastName""}","{""ImportId"":""recipientFirstName""}","{""ImportId"":""recipientEmail""}","{""ImportId"":""externalDataReference""}","{""ImportId"":""locationLatitude""}","{""ImportId"":""locationLongitude""}","{""ImportId"":""distributionChannel""}","{""ImportId"":""userLanguage""}","{""ImportId"":""QID162""}","{""ImportId"":""QID163_TEXT""}","{""ImportId"":""QID164_TEXT""}","{""ImportId"":""QID165""}","{""ImportId"":""QID167_BROWSER""}","{""ImportId"":""QID167_VERSION""}","{""ImportId"":""QID167_OS""}","{""ImportId"":""QID167_RESOLUTION""}","{""ImportId"":""QID1_1""}","{""ImportId"":""QID1_2""}","{""ImportId"":""QID1_3""}","{""ImportId"":""QID1_4""}","{""ImportId"":""QID1_5""}","{""ImportId"":""QID1_6""}","{""ImportId"":""QID1_7""}","{""ImportId"":""QID1_8""}","{""ImportId"":""QID1_9""}","{""ImportId"":""QID1_9_TEXT""}","{""ImportId"":""QID3_1""}","{""ImportId"":""QID3_2""}","{""ImportId"":""QID3_3""}","{""ImportId"":""QID3_4""}","{""ImportId"":""QID3_5""}","{""ImportId"":""QID3_6""}","{""ImportId"":""QID3_7""}","{""ImportId"":""QID3_8""}","{""ImportId"":""QID3_9""}","{""ImportId"":""QID3_10""}","{""ImportId"":""QID3_12""}","{""ImportId"":""QID3_11""}","{""ImportId"":""QID3_11_TEXT""}","{""ImportId"":""QID138""}","{""ImportId"":""QID140""}","{""ImportId"":""QID141""}","{""ImportId"":""QID137_TEXT""}","{""ImportId"":""QID142""}","{""ImportId"":""QID142_59_TEXT""}","{""ImportId"":""QID143""}","{""ImportId"":""QID143_8_TEXT""}","{""ImportId"":""QID145""}","{""ImportId"":""QID145_6_TEXT""}","{""ImportId"":""QID149""}","{""ImportId"":""QID150""}","{""ImportId"":""QID1323307346""}","{""ImportId"":""QID1323307346_4_TEXT""}","{""ImportId"":""QID158""}","{""ImportId"":""QID158_8_TEXT""}","{""ImportId"":""QID4""}","{""ImportId"":""QID6""}","{""ImportId"":""QID7""}","{""ImportId"":""QID8""}","{""ImportId"":""QID10""}","{""ImportId"":""QID9""}","{""ImportId"":""QID11""}","{""ImportId"":""QID12""}","{""ImportId"":""QID13""}","{""ImportId"":""QID14""}","{""ImportId"":""QID15""}","{""ImportId"":""QID16""}","{""ImportId"":""QID17""}","{""ImportId"":""QID18""}","{""ImportId"":""QID19""}","{""ImportId"":""QID20""}","{""ImportId"":""QID21""}","{""ImportId"":""QID22""}","{""ImportId"":""QID23""}","{""ImportId"":""QID24""}","{""ImportId"":""QID25""}","{""ImportId"":""QID26""}","{""ImportId"":""QID27""}","{""ImportId"":""QID28""}","{""ImportId"":""QID29""}","{""ImportId"":""QID160""}","{""ImportId"":""QID30""}","{""ImportId"":""QID32""}","{""ImportId"":""QID33""}","{""ImportId"":""QID34""}","{""ImportId"":""QID35""}","{""ImportId"":""QID36""}","{""ImportId"":""QID37""}","{""ImportId"":""QID38""}","{""ImportId"":""QID39""}","{""ImportId"":""QID40""}","{""ImportId"":""QID41""}","{""ImportId"":""QID42""}","{""ImportId"":""QID43""}","{""ImportId"":""QID45""}","{""ImportId"":""QID49""}","{""ImportId"":""QID48""}","{""ImportId"":""QID50""}","{""ImportId"":""QID47""}","{""ImportId"":""QID53""}","{""ImportId"":""QID52""}","{""ImportId"":""QID51""}","{""ImportId"":""QID54""}","{""ImportId"":""QID55""}","{""ImportId"":""QID56""}","{""ImportId"":""QID57""}","{""ImportId"":""QID58""}","{""ImportId"":""QID59""}","{""ImportId"":""QID60""}","{""ImportId"":""QID61""}","{""ImportId"":""QID62""}","{""ImportId"":""QID63""}","{""ImportId"":""QID161""}","{""ImportId"":""QID65""}","{""ImportId"":""QID71""}","{""ImportId"":""QID70""}","{""ImportId"":""QID69""}","{""ImportId"":""QID68""}","{""ImportId"":""QID67""}","{""ImportId"":""QID66""}","{""ImportId"":""QID77""}","{""ImportId"":""QID76""}","{""ImportId"":""QID75""}","{""ImportId"":""QID74""}","{""ImportId"":""QID73""}","{""ImportId"":""QID72""}","{""ImportId"":""QID78""}","{""ImportId"":""QID79""}","{""ImportId"":""QID82""}","{""ImportId"":""QID81""}","{""ImportId"":""QID83""}","{""ImportId"":""QID90""}","{""ImportId"":""QID89""}","{""ImportId"":""QID88""}","{""ImportId"":""QID87""}","{""ImportId"":""QID86""}","{""ImportId"":""QID85""}","{""ImportId"":""QID84""}","{""ImportId"":""QID92""}","{""ImportId"":""QID91""}","{""ImportId"":""QID93""}","{""ImportId"":""QID94""}","{""ImportId"":""QID95""}","{""ImportId"":""QID96""}","{""ImportId"":""QID97""}","{""ImportId"":""QID98""}","{""ImportId"":""QID99""}","{""ImportId"":""QID100""}","{""ImportId"":""QID101""}","{""ImportId"":""QID102""}","{""ImportId"":""QID103""}","{""ImportId"":""QID121""}","{""ImportId"":""QID122""}","{""ImportId"":""QID123""}","{""ImportId"":""QID124""}","{""ImportId"":""QID125""}","{""ImportId"":""QID126""}","{""ImportId"":""QID127""}","{""ImportId"":""QID111""}","{""ImportId"":""QID112""}","{""ImportId"":""QID113""}","{""ImportId"":""QID114""}","{""ImportId"":""QID115""}","{""ImportId"":""QID128""}","{""ImportId"":""QID129""}","{""ImportId"":""QID130""}","{""ImportId"":""QID131""}","{""ImportId"":""QID132""}","{""ImportId"":""QID133""}","{""ImportId"":""QID134""}","{""ImportId"":""QID135""}","{""ImportId"":""QID136""}","{""ImportId"":""QID104""}","{""ImportId"":""QID105""}","{""ImportId"":""QID106""}","{""ImportId"":""QID107""}","{""ImportId"":""QID108""}","{""ImportId"":""QID109""}","{""ImportId"":""QID110""}","{""ImportId"":""QID116""}","{""ImportId"":""QID119""}","{""ImportId"":""QID118""}","{""ImportId"":""QID117""}","{""ImportId"":""QID120""}","{""ImportId"":""PROLIFIC_PID""}"
2026-03-22 15:30:32,2026-03-22 15:42:03,IP Address,*******,100,690,True,2026-03-22 15:42:03,R_5oO4Sk6pXOhe8iA,*******,*******,*******,*******,*******,*******,anonymous,EN,,,,,,,,,A few times per month,Never,Less than once a month,About once a month,Never,Never,Never,Never,Never,,Never,Never,Never,Less than once a month,Never,Never,Never,Never,Never,Never,About once a month,Never,,Male,High school graduate (high school diploma or equivalent including GED),"$50,000 to $59,999",33716,Other (please specify),"Unemployed ",Single,,Live with parents or family,,White or Caucasian,Yes,Independent,,None,,Slightly positive,Neither positive nor negative,Neither positive nor negative,3,4 = Made this a little better,4,3 = No real effect,6,3 = No real effect,4,3 = No real effect,6,3 = No real effect,7,2 = Made this a little worse,6,3 = No real effect,3,3 = No real effect,6,3 = No real effect,7,3 = No real effect,2,1 = Made this worse,2,Agree,3 = No real effect,Agree,3 = No real effect,Strongly agree,3 = No real effect,Agree,2 = Made this a little worse,Agree,2 = Made this a little worse,Agree,3 = No real effect,Agree,Agree,Agree,Neither agree nor disagree,Disagree,Disagree,Neither agree nor disagree,Disagree,Strongly Disagree,Strongly Disagree,Disagree,Strongly Disagree,Strongly Disagree,Strongly Disagree,Strongly Disagree,Strongly Disagree,Disagree,Strongly Disagree,Disagree,Agree,,,,,,,,,,,,,,,,,,,,,,,,,,,,,,,,,,,,,,,,,,,,,,,,,,,,,,,,,,,,,,,,,,,,,,,,69ab0d41a2f0e21238944c7d
2026-03-22 16:08:43,2026-03-22 16:19:07,IP Address,*******,100,624,True,2026-03-22 16:19:08,R_1gbBF2YQXHZGPaw,*******,*******,*******,*******,*******,*******,anonymous,EN,,,,,,,,,About once a day,Never,Never,Never,A few times per week,Never,Never,Never,Never,N/A,Never,Never,A few times per week,Never,A few times per month,A few times per week,A few times per month,A few times per week,About once a day,A few times per week,About once a month,Never,N/A,Male,Some college but no degree,"$50,000 to $59,999",97223,Other (please specify),"Sales Associate ",In a relationship,,Live alone,,White or Caucasian,No,Democrat,,Depression,,Moderately positive,Extremely positive,Neither positive nor negative,6,4 = Made this a little better,5,3 = No real effect,4,4 = Made this a little better,6,4 = Made this a little better,7,3 = No real effect,7,3 = No real effect,7,3 = No real effect,6,4 = Made this a little better,3,3 = No real effect,2,3 = No real effect,5,3 = No real effect,2,Agree,4 = Made this a little better,Neither agree nor disagree,3 = No real effect,Neither agree nor disagree,3 = No real effect,Disagree,3 = No real effect,Disagree,3 = No real effect,Strongly Disagree,3 = No real effect,Agree,Strongly agree,Agree,Neither agree nor disagree,Neither agree nor disagree,Neither agree nor disagree,Agree,Neither agree nor disagree,Agree,Neither agree nor disagree,Neither agree nor disagree,Disagree,Strongly Disagree,Disagree,Strongly Disagree,Disagree,Strongly Disagree,Strongly Disagree,Disagree,Agree,,,,,,,,,,,,,,,,,,,,,,,,,,,,,,,,,,,,,,,,,,,,,,,,,,,,,,,,,,,,,,,,,,,,,,,,660eab035821349c9d01e870
2026-03-22 15:24:57,2026-03-22 16:21:27,IP Address,*******,100,3389,True,2026-03-22 16:21:28,R_1xZmCEoJBGdL0fn,*******,*******,*******,*******,*******,*******,anonymous,EN,,,,,,,,,A few times per week,Never,A few times per month,Never,About once a day,Never,Never,Never,Never,N/A,A few times per week,Never,A few times per month,Never,Never,Never,Never,Never,A few times per week,Never,About once a month,Never,N/A,Male,Bachelor's degree in college (4-year),"$50,000 to $59,999",60660,Other (please specify),network administrator,Single,,Live alone,,Black or African American,No,Democrat,,None,,Neither positive nor negative,Neither positive nor negative,Neither positive nor negative,7,3 = No real effect,7,3 = No real effect,8,3 = No real effect,8,3 = No real effect,10 - Completely Worthwhile,3 = No real effect,10 - Strongly Agree,3 = No real effect,7,3 = No real effect,4,3 = No real effect,10 - Completely Agree,3 = No real effect,10 - Completely Agree,3 = No real effect,8,3 = No real effect,2,Agree,3 = No real effect,Agree,3 = No real effect,Agree,3 = No real effect,Strongly agree,3 = No real effect,Strongly agree,3 = No real effect,Strongly agree,3 = No real effect,Agree,Neither agree nor disagree,Neither agree nor disagree,Neither agree nor disagree,Neither agree nor disagree,Neither agree nor disagree,Neither agree nor disagree,Neither agree nor disagree,Neither agree nor disagree,Neither agree nor disagree,Neither agree nor disagree,Neither agree nor disagree,Strongly Disagree,Strongly Disagree,Strongly Disagree,Disagree,Disagree,Strongly Disagree,Strongly Disagree,Agree,,,,,,,,,,,,,,,,,,,,,,,,,,,,,,,,,,,,,,,,,,,,,,,,,,,,,,,,,,,,,,,,,,,,,,,,5dd55652f30aa650f027e1c2
2026-03-23 09:30:29,2026-03-23 09:33:50,IP Address,*******,100,200,True,2026-03-23 09:33:50,R_1pSM9MaAdNai2qL,*******,*******,*******,*******,*******,*******,anonymous,EN,,,,,,,,,Less than once a month,Never,Never,Never,Never,Never,Never,Never,Never,,Never,Never,Never,Never,Never,Never,Never,Never,Never,Never,Never,Never,,Male,Associate degree in college (2-year),"$20,000 to $29,999",,Academic researcher / Faculty / Writing instructor,,Separated,,Live with parents or family,,American Indian/Native American or Alaska Native,No,Independent,,Anxiety disorder,,Moderately positive,Slightly negative,Slightly negative,5,3 = No real effect,7,3 = No real effect,7,3 = No real effect,6,2 = Made this a little worse,6,0 = Made this much worse,6,3 = No real effect,6,3 = No real effect,7,3 = No real effect,7,3 = No real effect,6,2 = Made this a little worse,5,1 = Made this worse,9,Agree,5 = Made this better,Agree,3 = No real effect,Neither agree nor disagree,2 = Made this a little worse,Disagree,5 = Made this better,Disagree,6 = Made this much better,Neither agree nor disagree,2 = Made this a little worse,Agree,Neither agree nor disagree,Disagree,Neither agree nor disagree,Strongly agree,Neither agree nor disagree,Agree,Agree,Neither agree nor disagree,Agree,Disagree,Disagree,Agree,Agree,Disagree,Disagree,Disagree,Strongly Disagree,Strongly agree,Strongly Disagree,Agree,Agree,Disagree,Neither agree nor disagree,Strongly Disagree,Agree,Strongly agree,Disagree,Neither agree nor disagree,Neither agree nor disagree,Agree,Disagree,Disagree,Agree,Neither agree nor disagree,Agree,Neither agree nor disagree,Agree,Neither agree nor disagree,Neither agree nor disagree,Strongly agree,Agree,Agree,Agree,Agree,Agree,Neither agree nor disagree,Disagree,Monthly,Monthly,Weekly,Daily,Weekly,A few times,Weekly,Never,Weekly,A few times,,,,,,,,,,,,,,,,,,,,,,,,,,,,,,,,,,
2026-03-23 09:06:35,2026-03-23 09:38:53,IP Address,*******,100,1937,True,2026-03-23 09:38:53,R_7ZsNSGb5GMhp8BP,*******,*******,*******,*******,*******,*******,anonymous,EN,,,,,,,,,5-10 times a day,A few times per week,About once a month,A few times per week,A few times per week,About once a day,About once a day,About once a month,Never,,About once a day,5-10 times a day,5-10 times a day,A few times per week,Never,A few times per week,A few times per week,Less than once a month,5-10 times a day,Never,About once a month,Never,,Male,Bachelor's degree in college (4-year),"$100,000 to $149,999",46241,Product or Program management,,Married,,Live with partner/spouse,,Black or African American,No,Democrat,,None,,Moderately positive,Extremely positive,Moderately positive,10 - Completely satisfied,6 = Made this much better,8,6 = Made this much better,10 - Excellent,3 = No real effect,10 - Excellent,3 = No real effect,10 - Completely Worthwhile,3 = No real effect,10 - Strongly Agree,3 = No real effect,8,3 = No real effect,10 - Completely True of Me,3 = No real effect,8,3 = No real effect,10 - Completely Agree,4 = Made this a little better,8,3 = No real effect,2,Agree,5 = Made this better,Agree,5 = Made this better,Agree,5 = Made this better,Strongly agree,3 = No real effect,Agree,5 = Made this better,Agree,4 = Made this a little better,Agree,Agree,Agree,Agree,Neither agree nor disagree,Neither agree nor disagree,Agree,Neither agree nor disagree,Neither agree nor disagree,Agree,Agree,Agree,Strongly Disagree,Disagree,Strongly agree,Disagree,Disagree,Disagree,Disagree,Agree,,,,,,,,,,,,,,,,,,,,,,,,,,,,,,,,,,,,,,,,,,,,,,,,,,,,,,,,,,,,,,,,,,,,,,,,6987307ee9e55830b1594fd4
2026-03-23 09:30:17,2026-03-23 09:54:31,IP Address,*******,100,1453,True,2026-03-23 09:54:31,R_76AX1A4uZob5dU5,*******,*******,*******,*******,*******,*******,anonymous,EN,,,,,,,,,A few times per week,A few times per month,About once a month,A few times per month,5-10 times a day,Never,Never,Never,,,About once a day,About once a day,About once a day,A few times per month,A few times per week,About once a day,A few times per week,About once a month,About once a day,A few times per week,About once a month,,,Female,Master's degree,"$100,000 to $149,999",32254,Compliance / Risk / Ethics (incl. healthcare),,Married,,"Live with partner/spouse,Live with children",,White or Caucasian,No,Republican,,Bipolar disorder,,Extremely positive,Extremely positive,Moderately positive,7,6 = Made this much better,7,6 = Made this much better,8,3 = No real effect,7,5 = Made this better,8,4 = Made this a little better,10 - Strongly Agree,5 = Made this better,10 - Completely True of Me,3 = No real effect,10 - Completely True of Me,3 = No real effect,8,3 = No real effect,8,4 = Made this a little better,6,3 = No real effect,2,Agree,2 = Made this a little worse,Agree,3 = No real effect,Strongly agree,4 = Made this a little better,Strongly agree,4 = Made this a little better,Strongly agree,5 = Made this better,Strongly agree,3 = No real effect,Strongly agree,Strongly agree,Strongly agree,Agree,Neither agree nor disagree,Agree,Agree,Neither agree nor disagree,Agree,Agree,Agree,Strongly agree,Disagree,Disagree,Disagree,Strongly Disagree,Strongly Disagree,Disagree,Disagree,Agree,Strongly agree,Agree,Agree,Strongly agree,Agree,Disagree,Strongly agree,Strongly agree,Agree,Agree,Disagree,Neither agree nor disagree,Disagree,Agree,Agree,Agree,Strongly Disagree,Agree,Strongly agree,Strongly agree,Agree,Strongly agree,Disagree,Agree,Agree,Disagree,Disagree,Agree,A few times,A few times,Once,A few times,Never,Never,Monthly,Never,A few times,Never,Somewhat agree,Strongly agree,Strongly agree,Strongly disagree,Strongly disagree,Strongly disagree,Somewhat agree,Neither agree nor disagree,Somewhat disagree,Strongly disagree,Somewhat agree,Strongly disagree,Somewhat agree,Somewhat agree,Somewhat agree,Neither agree nor disagree,Strongly disagree,Strongly disagree,Strongly disagree,Neither agree nor disagree,Somewhat disagree,Strongly agree,Somewhat agree,Somewhat disagree,Somewhat agree,Somewhat agree,Somewhat disagree,Somewhat agree,Somewhat agree,Somewhat agree,Somewhat disagree,Somewhat agree,Somewhat disagree,69b1baab9613da9efd4c53ad
2026-03-23 09:35:41,2026-03-23 09:57:29,IP Address,*******,100,1308,True,2026-03-23 09:57:30,R_1VjqaKn49KLZX8J,*******,*******,*******,*******,*******,*******,anonymous,EN,,,,,,,,,A few times per week,Never,A few times per week,Never,Never,Never,Never,Never,Never,,Never,Never,A few times per week,A few times per week,A few times per week,Less than once a month,Never,A few times per month,A few times per month,A few times per week,About once a month,,,Male,Bachelor's degree in college (4-year),"$100,000 to $149,999",21114,Other (please specify),Unemployed,Married,,"Live with partner/spouse,Live with children",,White or Caucasian,No,Independent,,Other:,"you can only select one on this form but I have Depression, Anxiety, and ADHD",Slightly positive,Neither positive nor negative,Slightly positive,0 - Not satisfied at all,3 = No real effect,4,3 = No real effect,4,3 = No real effect,4,3 = No real effect,4,2 = Made this a little worse,10 - Strongly Agree,2 = Made this a little worse,8,4 = Made this a little better,8,3 = No real effect,6,4 = Made this a little better,7,4 = Made this a little better,0 - Worry All of the Time,0 = Made this much worse,2,Strongly agree,3 = No real effect,Disagree,3 = No real effect,Neither agree nor disagree,3 = No real effect,Disagree,3 = No real effect,Strongly Disagree,3 = No real effect,Strongly Disagree,3 = No real effect,Agree,Neither agree nor disagree,Agree,Strongly Disagree,Strongly Disagree,Strongly Disagree,Strongly Disagree,Neither agree nor disagree,Strongly Disagree,Strongly Disagree,Strongly Disagree,Strongly Disagree,Strongly Disagree,Strongly Disagree,Neither agree nor disagree,Strongly Disagree,Strongly Disagree,Strongly Disagree,Strongly Disagree,Agree,Agree,Neither agree nor disagree,Agree,Agree,Neither agree nor disagree,Disagree,Neither agree nor disagree,Neither agree nor disagree,Agree,Agree,Strongly Disagree,Disagree,Neither agree nor disagree,Agree,Agree,Agree,Strongly Disagree,Strongly Disagree,Strongly Disagree,Strongly Disagree,Strongly Disagree,Agree,Agree,Strongly Disagree,Strongly Disagree,Agree,Strongly agree,Agree,A few times,A few times,A few times,A few times,Once,A few times,A few times,A few times,A few times,Never,,,,,,,,,,,,,Neither agree nor disagree,Somewhat agree,Neither agree nor disagree,Neither agree nor disagree,Somewhat agree,Somewhat disagree,Neither agree nor disagree,Somewhat agree,Somewhat agree,Somewhat agree,Somewhat agree,Neither agree nor disagree,Somewhat agree,Somewhat agree,Somewhat agree,Neither agree nor disagree,Neither agree nor disagree,Neither agree nor disagree,Somewhat agree,Somewhat agree,Neither agree nor disagree,6962bd902099ccb1fdd22e4c
2026-03-30 06:05:39,2026-03-30 06:06:02,IP Address,*******,100,22,True,2026-03-30 06:06:03,R_2Pui71xUG3qJFs8,*******,*******,*******,*******,*******,*******,anonymous,EN,,,,,,,,,Never,Never,Never,Never,Never,Never,Never,Never,Never,,Less than once a month,About once a month,About once a month,A few times per month,About once a month,A few times per month,A few times per week,A few times per month,A few times per month,A few times per week,A few times per month,A few times per week,,,,,,,,,,,,,,,,,,,,,,,,,,,,,,,,,,,,,,,,,,,,,,,,,,,,,,,,,,,,,,,,,,,,,,,,,,,,,,,,,,,,,,,,,,,,,,,,,,,,,,,,,,,,,,,,,,,,,,,,,,,,,,,,,,,,,,,,,,,,,,,,,,,
2026-03-30 06:12:08,2026-03-30 06:21:13,IP Address,*******,100,544,True,2026-03-30 06:21:13,R_6abM4mMXfDCfzXX,*******,*******,*******,*******,*******,*******,anonymous,EN,,,,,,,,,5-10 times a day,Never,Never,Never,Never,Never,Never,Never,,,Never,Never,About once a day,Never,Never,Never,Never,Never,5-10 times a day,A few times per week,About once a month,,,Male,Associate degree in college (2-year),"$100,000 to $149,999",93063,Other (please specify),Retail,Single,,Live with parents or family,,Other,Yes,Democrat,,None,,Slightly positive,Neither positive nor negative,Slightly positive,0 - Not satisfied at all,4 = Made this a little better,0 - Extremely Unhappy,3 = No real effect,6,3 = No real effect,0 - Poor,3 = No real effect,0 - Not at All Worthwhile,3 = No real effect,0 - Strongly Disagree,3 = No real effect,7,3 = No real effect,5,3 = No real effect,0 - Strongly Disagree,3 = No real effect,0 - Completely Disagree,3 = No real effect,10 - Do Not Ever Worry,3 = No real effect,2,Disagree,3 = No real effect,Strongly Disagree,3 = No real effect,Strongly Disagree,3 = No real effect,Strongly Disagree,3 = No real effect,Disagree,3 = No real effect,Disagree,3 = No real effect,Agree,Agree,Agree,Strongly Disagree,Strongly Disagree,Strongly Disagree,Strongly Disagree,Strongly Disagree,Strongly Disagree,Strongly Disagree,Strongly Disagree,Strongly Disagree,Agree,Strongly Disagree,Agree,Strongly Disagree,Agree,Strongly Disagree,Strongly Disagree,Agree,Neither agree nor disagree,Neither agree nor disagree,Strongly agree,Neither agree nor disagree,Agree,Disagree,Agree,Agree,Agree,Agree,Strongly Disagree,Disagree,Agree,Agree,Neither agree nor disagree,Agree,Disagree,Strongly agree,Agree,Agree,Agree,Neither agree nor disagree,Neither agree nor disagree,Neither agree nor disagree,Agree,Neither agree nor disagree,Disagree,Agree,Weekly,Never,A few times,A few times,Never,A few times,Monthly,Never,Never,Never,,,,,,,,,,,,,,,,,,,,,,Strongly agree,Neither agree nor disagree,Somewhat agree,Strongly Disagree,Neither agree nor disagree,Neither agree nor disagree,Neither agree nor disagree,Somewhat agree,Strongly agree,Strongly disagree,Strongly agree,Strongly disagree,633c74ad6178784ed5b52104
2026-03-30 06:08:24,2026-03-30 06:23:45,IP Address,*******,100,920,True,2026-03-30 06:23:45,R_1n5UEaE6YeXb35A,*******,*******,*******,*******,*******,*******,anonymous,EN,,,,,,,,,About once a day,Never,About once a month,Never,Less than once a month,Less than once a month,Never,Never,Never,,Less than once a month,Never,A few times per month,A few times per week,A few times per week,A few times per week,About once a month,A few times per week,A few times per week,About once a month,About once a month,Never,,Female,High school graduate (high school diploma or equivalent including GED),"$60,000 to $69,999",27856,Other (please specify),Unemployed,Married,,"Live with partner/spouse,Live with children",,White or Caucasian,No,Democrat,,Anxiety disorder,,Moderately positive,Neither positive nor negative,Moderately positive,10 - Completely satisfied,3 = No real effect,8,4 = Made this a little better,5,3 = No real effect,7,5 = Made this better,10 - Completely Worthwhile,4 = Made this a little better,10 - Strongly Agree,4 = Made this a little better,6,4 = Made this a little better,7,3 = No real effect,8,4 = Made this a little better,8,3 = No real effect,6,3 = No real effect,2,Agree,3 = No real effect,Agree,3 = No real effect,Agree,3 = No real effect,Agree,3 = No real effect,Agree,3 = No real effect,Agree,4 = Made this a little better,Strongly agree,Disagree,Agree,Agree,Neither agree nor disagree,Neither agree nor disagree,Neither agree nor disagree,Agree,Agree,Neither agree nor disagree,Neither agree nor disagree,Neither agree nor disagree,Strongly Disagree,Strongly Disagree,Strongly Disagree,Strongly Disagree,Strongly Disagree,Strongly Disagree,Disagree,Agree,Agree,Agree,Strongly agree,Neither agree nor disagree,Neither agree nor disagree,Disagree,Agree,Strongly agree,Agree,Strongly agree,Strongly Disagree,Strongly Disagree,Disagree,Disagree,Disagree,Agree,Strongly Disagree,Agree,Neither agree nor disagree,Agree,Agree,Agree,Disagree,Disagree,Neither agree nor disagree,Disagree,Disagree,Agree,A few times,Never,Never,Never,Monthly,Never,Weekly,Never,Never,Never,Neither agree nor disagree,Neither agree nor disagree,Neither agree nor disagree,Strongly disagree,Strongly disagree,Strongly disagree,Neither agree nor disagree,,,,,,Somewhat agree,Neither agree nor disagree,Strongly agree,Strongly agree,Strongly disagree,Strongly disagree,Somewhat disagree,Strongly disagree,Strongly disagree,Strongly agree,Strongly agree,Somewhat disagree,Strongly agree,Strongly agree,Strongly Disagree,Strongly agree,Somewhat agree,Somewhat agree,Strongly disagree,Strongly agree,Strongly disagree,695bc0177da54bf11f98495f
2026-03-30 06:50:35,2026-03-30 07:00:03,IP Address,*******,100,567,True,2026-03-30 07:00:04,R_5AEJmL4FzkGhWI1,*******,*******,*******,*******,*******,*******,anonymous,EN,,,,,,,,,A few times per week,Less than once a month,About once a month,A few times per month,A few times per week,Less than once a month,About once a month,A few times per month,,,A few times per month,Less than once a month,About once a month,A few times per month,A few times per week,Less than once a month,About once a month,A few times per month,A few times per month,About once a month,About once a month,,,Female,Master's degree,"$100,000 to $149,999",22150,Product or Program management,,In a relationship,,Live with children,,Black or African American,No,Democrat,,Anxiety disorder,,Slightly positive,Neither positive nor negative,Moderately positive,6,5 = Made this better,6,5 = Made this better,5,2 = Made this a little worse,6,3 = No real effect,4,6 = Made this much better,5,5 = Made this better,5,5 = Made this better,5,4 = Made this a little better,5,2 = Made this a little worse,4,3 = No real effect,5,4 = Made this a little better,2,Neither agree nor disagree,4 = Made this a little better,Agree,4 = Made this a little better,Agree,2 = Made this a little worse,Neither agree nor disagree,4 = Made this a little better,Agree,3 = No real effect,Neither agree nor disagree,1 = Made this worse,Agree,Agree,Neither agree nor disagree,Neither agree nor disagree,Agree,Disagree,Neither agree nor disagree,Neither agree nor disagree,Agree,Agree,Disagree,Agree,Neither agree nor disagree,Agree,Agree,Agree,Neither agree nor disagree,Neither agree nor disagree,Agree,Agree,Neither agree nor disagree,Agree,Disagree,Agree,Agree,Disagree,Neither agree nor disagree,Agree,Agree,Neither agree nor disagree,Agree,Disagree,Neither agree nor disagree,Agree,Neither agree nor disagree,Strongly agree,Neither agree nor disagree,Agree,Disagree,Neither agree nor disagree,Neither agree nor disagree,Agree,Disagree,Agree,Neither agree nor disagree,Agree,Agree,Neither agree nor disagree,Weekly,A few times,Monthly,A few times,A few times,Monthly,A few times,Monthly,Weekly,Weekly,Somewhat agree,Neither agree nor disagree,Somewhat agree,Neither agree nor disagree,Somewhat agree,Neither agree nor disagree,Somewhat disagree,Somewhat agree,Somewhat agree,Neither agree nor disagree,Somewhat agree,Neither agree nor disagree,Somewhat agree,Somewhat agree,Neither agree nor disagree,Somewhat agree,Strongly agree,Somewhat agree,Somewhat agree,Neither agree nor disagree,Somewhat agree,Somewhat agree,Neither agree nor disagree,Somewhat agree,Neither agree nor disagree,Neither agree nor disagree,Somewhat agree,Somewhat disagree,Somewhat agree,Strongly agree,Neither agree nor disagree,Somewhat agree,Neither agree nor disagree,65e465d6d4ed60a18ce3a89b
2026-03-30 08:38:54,2026-03-30 08:57:41,IP Address,*******,100,1127,True,2026-03-30 08:57:42,R_7Lh7alSmVKKMF1a,*******,*******,*******,*******,*******,*******,anonymous,EN,I consent,699632a125fb1bd95501ef4d,15,Somewhat disagree,Chrome,142.0.0.0,Windows NT 10.0,1920x1080,5-10 times a day,A few times per week,A few times per week,A few times per week,About once a day,5-10 times a day,A few times per week,Never,Never,,5-10 times a day,1-2 hours a day,About once a day,A few times per week,A few times per week,About once a day,A few times per week,About once a day,About once a day,A few times per week,About once a month,Never,,Male,Master's degree,"$50,000 to $59,999",48706,Product or Program management,,Married,,"Live with partner/spouse,Live with children",,White or Caucasian,No,Republican,,None,,Moderately positive,Extremely positive,Moderately positive,10 - Completely satisfied,6 = Made this much better,10 - Extremely Happy,6 = Made this much better,8,4 = Made this a little better,10 - Excellent,6 = Made this much better,10 - Completely Worthwhile,6 = Made this much better,10 - Strongly Agree,6 = Made this much better,10 - Completely True of Me,4 = Made this a little better,7,3 = No real effect,10 - Completely Agree,4 = Made this a little better,8,4 = Made this a little better,1,5 = Made this better,2,Strongly agree,5 = Made this better,Strongly agree,6 = Made this much better,Agree,5 = Made this better,Agree,5 = Made this better,Agree,5 = Made this better,Strongly agree,5 = Made this better,Strongly agree,Strongly agree,Strongly agree,Strongly agree,Agree,Agree,Agree,Agree,Agree,Agree,Agree,Agree,Disagree,Disagree,Strongly Disagree,Disagree,Disagree,Disagree,Disagree,Agree,Strongly agree,Agree,Agree,Agree,Agree,Neither agree nor disagree,Strongly agree,Strongly agree,Neither agree nor disagree,Strongly agree,Disagree,Agree,Disagree,Agree,Agree,Strongly agree,Neither agree nor disagree,Agree,Agree,Agree,Agree,Agree,Agree,Agree,Agree,Disagree,Neither agree nor disagree,Agree,Weekly,Never,Monthly,Once,A few times,A few times,A few times,Monthly,A few times,Never,Somewhat agree,Strongly agree,Somewhat agree,Neither agree nor disagree,Somewhat disagree,Strongly disagree,Strongly agree,Neither agree nor disagree,Somewhat disagree,Strongly disagree,Somewhat agree,Neither agree nor disagree,Strongly agree,Strongly disagree,Strongly agree,Somewhat agree,Somewhat disagree,Somewhat disagree,Neither agree nor disagree,Neither agree nor disagree,Somewhat agree,Somewhat agree,Strongly agree,Neither agree nor disagree,Strongly agree,Strongly agree,Somewhat agree,Somewhat agree,Somewhat agree,Somewhat agree,Somewhat disagree,Somewhat agree,Somewhat disagree,NaN
2026-03-23 09:07:08,2026-03-23 09:09:18,IP Address,*******,8,129,False,2026-03-30 09:09:23,R_7BaPJb4FLZXxO0U,*******,*******,*******,*******,*******,*******,anonymous,EN,,,,,,,,,,,,,,,,,,,,,,,,,,,,,,,,Female,High school graduate (high school diploma or equivalent including GED),"$60,000 to $69,999",98597,Other (please specify),retired,Married,,Live with partner/spouse,,White or Caucasian,No,Republican,,Anxiety disorder,,,,,,,,,,,,,,,,,,,,,,,,,,,,,,,,,,,,,,,,,,,,,,,,,,,,,,,,,,,,,,,,,,,,,,,,,,,,,,,,,,,,,,,,,,,,,,,,,,,,,,,,,,,,,,,,,,,,,,,,,,,,,,,,,,,5c1021a547d07800011a23de
2026-03-30 09:02:44,2026-03-30 09:16:04,IP Address,*******,100,799,True,2026-03-30 09:16:05,R_3v7dm5MMQudIw4N,*******,*******,*******,*******,*******,*******,anonymous,EN,I consent,5f79bca83a2eb65c0983816d,15,Somewhat disagree,Chrome,146.0.0.0,Android 10,360x780,A few times per week,Never,A few times per week,Never,Never,Never,Never,Never,Never,,Never,Never,Never,A few times per week,Never,Never,Never,Never,A few times per week,Never,About once a month,Never,,Male,High school graduate (high school diploma or equivalent including GED),"$40,000 to $49,999",17331,Other (please specify),Manufacturing,Single,,Live alone,,White or Caucasian,No,Democrat,,Anxiety disorder,,Moderately positive,Neither positive nor negative,Moderately positive,8,3 = No real effect,8,3 = No real effect,6,3 = No real effect,8,3 = No real effect,8,3 = No real effect,8,3 = No real effect,8,4 = Made this a little better,4,3 = No real effect,8,3 = No real effect,8,3 = No real effect,7,3 = No real effect,2,Agree,3 = No real effect,Agree,3 = No real effect,Agree,3 = No real effect,Agree,4 = Made this a little better,Agree,4 = Made this a little better,Agree,4 = Made this a little better,Neither agree nor disagree,Neither agree nor disagree,Neither agree nor disagree,Neither agree nor disagree,Agree,Agree,Agree,Agree,Agree,Agree,Neither agree nor disagree,Neither agree nor disagree,Strongly Disagree,Strongly Disagree,Strongly Disagree,Strongly Disagree,Strongly Disagree,Strongly Disagree,Strongly Disagree,Agree,Agree,Neither agree nor disagree,Neither agree nor disagree,Neither agree nor disagree,Agree,Neither agree nor disagree,Agree,Agree,Agree,Agree,Neither agree nor disagree,Neither agree nor disagree,Neither agree nor disagree,Disagree,Disagree,Neither agree nor disagree,Disagree,Agree,Agree,Agree,Agree,Agree,Agree,Neither agree nor disagree,Agree,Disagree,Disagree,Neither agree nor disagree,Never,Never,Never,Never,Never,Never,Never,Never,Never,Never,,,,,,,,,,,,,,,,,,,,,,,,,,,,,,,,,,NaN
2026-03-30 08:56:33,2026-03-30 09:19:09,IP Address,*******,100,1355,True,2026-03-30 09:19:10,R_6f1ENbyvpW2zFqp,*******,*******,*******,*******,*******,*******,anonymous,EN,I consent,628f572a2d1304a34b9e1a37,15,Somewhat disagree,Chrome,146.0.0.0,Windows NT 10.0,1536x864,A few times per week,Never,Never,Never,Never,Never,Never,Never,Never,,Never,Never,A few times per week,Never,Never,Never,Never,Never,A few times per week,Never,About once a month,About once a month,,Male,Master's degree,"$60,000 to $69,999",32966,Other (please specify),Healthcare,Married,,Live with partner/spouse,,White or Caucasian,No,Democrat,,None,,Neither positive nor negative,Neither positive nor negative,Neither positive nor negative,7,3 = No real effect,7,3 = No real effect,6,3 = No real effect,7,3 = No real effect,6,3 = No real effect,6,3 = No real effect,6,3 = No real effect,7,3 = No real effect,7,3 = No real effect,7,3 = No real effect,0 - Worry All of the Time,3 = No real effect,2,Agree,3 = No real effect,Agree,3 = No real effect,Agree,3 = No real effect,Agree,3 = No real effect,Agree,3 = No real effect,Agree,3 = No real effect,Agree,Neither agree nor disagree,Disagree,Disagree,Disagree,Disagree,Disagree,Disagree,Disagree,Disagree,Disagree,Disagree,Strongly Disagree,Strongly Disagree,Strongly Disagree,Strongly Disagree,Strongly Disagree,Strongly Disagree,Strongly Disagree,Agree,Disagree,Strongly Disagree,Strongly Disagree,Strongly Disagree,Neither agree nor disagree,Disagree,Agree,Agree,Agree,Agree,Agree,Disagree,Disagree,Disagree,Disagree,Agree,Strongly Disagree,Disagree,Disagree,Disagree,Disagree,Disagree,Disagree,Disagree,Disagree,Disagree,Disagree,Disagree,Never,Never,Never,Never,Never,Never,Never,Never,Never,Never,,,,,,,,,,,,,,,,,,,,,,Somewhat disagree,Neither agree nor disagree,Strongly Disagree,Somewhat disagree,Strongly Disagree,Strongly Disagree,Strongly disagree,Strongly disagree,Strongly disagree,Strongly disagree,Strongly agree,Strongly disagree,NaN
2026-03-30 09:25:16,2026-03-30 09:44:58,IP Address,*******,100,1181,True,2026-03-30 09:44:58,R_5lxVQyXyz2IgQea,*******,*******,*******,*******,*******,*******,anonymous,EN,I consent,69bd4d62d82d36ce83965038,15,Somewhat disagree,Edge,146.0.0.0,Windows NT 10.0,1280x720,5-10 times a day,About once a day,A few times per month,A few times per month,Never,About once a month,Never,Never,Never,NA,Never,A few times per week,5-10 times a day,A few times per month,About once a month,Never,A few times per week,5-10 times a day,About once a day,Less than once a month,About once a month,Never,NA,Male,Some college but no degree,"$60,000 to $69,999",53081,Other (please specify),"manufacturing ",Single,,"Live alone,Live with children",,"White or Caucasian,American Indian/Native American or Alaska Native",No,Republican,,ADHD,,Slightly positive,Neither positive nor negative,Slightly positive,7,4 = Made this a little better,6,3 = No real effect,8,5 = Made this better,5,3 = No real effect,6,3 = No real effect,5,3 = No real effect,4,3 = No real effect,10 - Completely True of Me,5 = Made this better,5,3 = No real effect,3,3 = No real effect,10 - Do Not Ever Worry,4 = Made this a little better,2,Agree,2 = Made this a little worse,Neither agree nor disagree,2 = Made this a little worse,Agree,2 = Made this a little worse,Agree,3 = No real effect,Neither agree nor disagree,3 = No real effect,Neither agree nor disagree,3 = No real effect,Agree,Disagree,Disagree,Agree,Neither agree nor disagree,Neither agree nor disagree,Neither agree nor disagree,Neither agree nor disagree,Disagree,Strongly Disagree,Strongly Disagree,Strongly Disagree,Strongly Disagree,Strongly Disagree,Strongly Disagree,Strongly Disagree,Disagree,Strongly Disagree,Agree,Agree,Neither agree nor disagree,Neither agree nor disagree,Agree,Disagree,Disagree,Strongly Disagree,Strongly agree,Strongly agree,Strongly agree,Strongly agree,Strongly Disagree,Strongly Disagree,Disagree,Agree,Agree,Neither agree nor disagree,Strongly Disagree,Disagree,Disagree,Strongly Disagree,Strongly Disagree,Disagree,Agree,Strongly Disagree,Agree,Agree,Strongly agree,Disagree,Weekly,A few times,Once,Weekly,Never,A few times,Weekly,A few times,Daily,A few times,,,,,,,,Somewhat agree,Neither agree nor disagree,Somewhat agree,Neither agree nor disagree,Strongly disagree,,,,,,,,,,Somewhat agree,Neither agree nor disagree,Somewhat agree,Somewhat agree,Neither agree nor disagree,Somewhat agree,Somewhat agree,Somewhat agree,Somewhat agree,Somewhat disagree,Strongly agree,Strongly disagree,NaN
2026-03-30 09:31:59,2026-03-30 09:51:38,IP Address,*******,100,1178,True,2026-03-30 09:51:38,R_7sZNdTNn0dza7xj,*******,*******,*******,*******,*******,*******,anonymous,EN,I consent,5f2f03deec679e2cf4a992e6,15,Somewhat disagree,Chrome,146.0.0.0,Android 10,1494x935,1-2 hours a day,A few times per month,A few times per week,Never,A few times per week,A few times per week,Less than once a month,Never,Less than once a month,"Creative assistant Ai (Magic, Abobe Firefly)",1-2 hours a day,A few times per week,A few times per week,A few times per week,A few times per week,A few times per week,About once a month,A few times per month,A few times per week,A few times per month,About once a month,1-2 hours a day,General questions or inqueries.,Male,Bachelor's degree in college (4-year),"$20,000 to $29,999",43055,Other (please specify),Business Owner/Sales/Consumer relations and business contracts,Single,,Live alone,,White or Caucasian,No,Republican,,Anxiety disorder,,Slightly positive,Slightly positive,Slightly positive,2,4 = Made this a little better,2,4 = Made this a little better,1,3 = No real effect,2,5 = Made this better,3,5 = Made this better,10 - Strongly Agree,4 = Made this a little better,8,3 = No real effect,8,3 = No real effect,0 - Strongly Disagree,4 = Made this a little better,1,4 = Made this a little better,3,4 = Made this a little better,2,Strongly agree,3 = No real effect,Agree,3 = No real effect,Agree,3 = No real effect,Agree,5 = Made this better,Agree,5 = Made this better,Agree,5 = Made this better,Agree,Strongly agree,Agree,Agree,Agree,Agree,Agree,Neither agree nor disagree,Disagree,Neither agree nor disagree,Neither agree nor disagree,Agree,Neither agree nor disagree,Disagree,Neither agree nor disagree,Strongly Disagree,Neither agree nor disagree,Strongly Disagree,Agree,Agree,Strongly agree,Disagree,Strongly Disagree,Disagree,Disagree,Strongly Disagree,Agree,Agree,Strongly agree,Strongly agree,Strongly Disagree,Strongly Disagree,Disagree,Agree,Neither agree nor disagree,Neither agree nor disagree,Strongly Disagree,Agree,Neither agree nor disagree,Agree,Agree,Strongly agree,Agree,Strongly Disagree,Agree,Strongly agree,Agree,Strongly agree,A few times,A few times,A few times,A few times,A few times,Weekly,A few times,A few times,A few times,A few times,Somewhat disagree,Somewhat agree,Neither agree nor disagree,Strongly disagree,Somewhat agree,Strongly agree,Neither agree nor disagree,Strongly agree,Strongly disagree,Somewhat agree,Somewhat agree,Strongly disagree,Neither agree nor disagree,Strongly agree,Somewhat agree,Somewhat agree,Somewhat disagree,Strongly agree,Strongly agree,Somewhat disagree,Strongly disagree,Strongly agree,Somewhat agree,Strongly Disagree,Somewhat agree,Somewhat agree,Strongly Disagree,Strongly agree,Neither agree nor disagree,Somewhat agree,Strongly agree,Somewhat agree,Strongly agree,NaN
2026-03-30 09:40:15,2026-03-30 09:53:46,IP Address,*******,100,810,True,2026-03-30 09:53:47,R_7CHMwhKiYDAs4LR,*******,*******,*******,*******,*******,*******,anonymous,EN,I consent,63233b6cfc33c42fb00e3d9b,15,Somewhat disagree,Chrome,146.0.0.0,Windows NT 10.0,1360x768,5-10 times a day,Less than once a month,A few times per week,Never,Never,A few times per month,Never,Never,Never,n/a,5-10 times a day,5-10 times a day,5-10 times a day,5-10 times a day,5-10 times a day,5-10 times a day,5-10 times a day,5-10 times a day,5-10 times a day,Less than once a month,About once a month,Never,n/a,Male,Bachelor's degree in college (4-year),"$80,000 to $89,999",45342,Other (please specify),hospitality management,Single,,Live alone,,White or Caucasian,No,Independent,,Other:,"depression and anxiety, it says to select all that apply, but you can only select one unless doing as I am by selecting other and entering all options.",Extremely positive,Extremely positive,Extremely positive,7,6 = Made this much better,8,6 = Made this much better,7,5 = Made this better,8,6 = Made this much better,10 - Completely Worthwhile,4 = Made this a little better,10 - Strongly Agree,6 = Made this much better,10 - Completely True of Me,4 = Made this a little better,7,3 = No real effect,7,3 = No real effect,6,3 = No real effect,6,3 = No real effect,2,Strongly agree,3 = No real effect,Agree,3 = No real effect,Agree,3 = No real effect,Strongly agree,3 = No real effect,Agree,3 = No real effect,Disagree,3 = No real effect,Strongly agree,Disagree,Agree,Neither agree nor disagree,Neither agree nor disagree,Neither agree nor disagree,Disagree,Disagree,Disagree,Disagree,Disagree,Disagree,Disagree,Strongly Disagree,Strongly Disagree,Disagree,Strongly Disagree,Strongly Disagree,Strongly Disagree,Agree,Neither agree nor disagree,Strongly Disagree,Agree,Disagree,Neither agree nor disagree,Strongly Disagree,Agree,Agree,Neither agree nor disagree,Strongly agree,Disagree,Strongly Disagree,Disagree,Disagree,Disagree,Neither agree nor disagree,Disagree,Disagree,Disagree,Agree,Disagree,Disagree,Agree,Disagree,Disagree,Disagree,Disagree,Disagree,Daily,Never,Never,Never,Never,Weekly,Weekly,Never,Never,Never,Somewhat agree,Strongly agree,Somewhat agree,Strongly disagree,Strongly disagree,Strongly disagree,Strongly disagree,Strongly agree,Neither agree nor disagree,Strongly disagree,Strongly disagree,Strongly disagree,Somewhat agree,Strongly disagree,Strongly agree,Somewhat disagree,Somewhat disagree,Strongly disagree,Strongly disagree,Strongly disagree,Strongly disagree,Somewhat disagree,Somewhat agree,Neither agree nor disagree,Somewhat disagree,Strongly Disagree,Strongly Disagree,Somewhat agree,Somewhat disagree,Somewhat agree,Strongly disagree,Strongly agree,Strongly disagree,NaN
2026-03-30 09:31:58,2026-03-30 09:56:32,IP Address,*******,100,1473,True,2026-03-30 09:56:32,R_6eR8kK0u2zlM10y,*******,*******,*******,*******,*******,*******,anonymous,EN,I consent,69a0c9a890e37866c8eff46c,15,Somewhat disagree,Chrome,146.0.0.0,Windows NT 10.0,1536x864,A few times per week,Never,A few times per week,Never,Never,Never,Never,Never,Never,,Never,A few times per month,A few times per month,Never,A few times per month,Never,A few times per month,About once a month,Never,A few times per month,About once a month,Never,,Male,High school graduate (high school diploma or equivalent including GED),"$10,000 to $19,999",93561,Other (please specify),Janitorial,In a relationship,,Live with partner/spouse,,Other,Yes,Independent,,ADHD,,Slightly positive,Neither positive nor negative,Neither positive nor negative,8,3 = No real effect,1,3 = No real effect,7,3 = No real effect,6,3 = No real effect,7,4 = Made this a little better,6,3 = No real effect,7,4 = Made this a little better,5,3 = No real effect,8,3 = No real effect,7,3 = No real effect,6,5 = Made this better,2,Agree,3 = No real effect,Agree,3 = No real effect,Agree,3 = No real effect,Agree,4 = Made this a little better,Agree,3 = No real effect,Neither agree nor disagree,3 = No real effect,Agree,Neither agree nor disagree,Agree,Neither agree nor disagree,Neither agree nor disagree,Neither agree nor disagree,Neither agree nor disagree,Agree,Neither agree nor disagree,Neither agree nor disagree,Neither agree nor disagree,Neither agree nor disagree,Disagree,Disagree,Disagree,Disagree,Disagree,Disagree,Agree,Agree,Agree,Disagree,Agree,Agree,Neither agree nor disagree,Neither agree nor disagree,Agree,Agree,Agree,Agree,Disagree,Neither agree nor disagree,Neither agree nor disagree,Disagree,Disagree,Agree,Disagree,Neither agree nor disagree,Neither agree nor disagree,Neither agree nor disagree,Neither agree nor disagree,Agree,Agree,Neither agree nor disagree,Neither agree nor disagree,Disagree,Disagree,Agree,A few times,Once,Never,Never,Never,Never,A few times,Never,Never,Never,,,,,,,,Somewhat agree,Somewhat agree,Somewhat agree,Neither agree nor disagree,Strongly disagree,,,,,,,,,,Somewhat agree,Neither agree nor disagree,Neither agree nor disagree,Neither agree nor disagree,Somewhat agree,Neither agree nor disagree,Somewhat agree,Somewhat agree,Somewhat agree,Somewhat disagree,Somewhat agree,Somewhat disagree,NaN
2026-03-30 10:16:28,2026-03-30 10:30:29,IP Address,*******,100,840,True,2026-03-30 10:30:30,R_7YKCCxaMuwB01ig,*******,*******,*******,*******,*******,*******,anonymous,EN,I consent,691cd75555c960ab46e9348a,15,Somewhat disagree,Chrome,146.0.0.0,Macintosh,1728x1117,1-2 hours a day,1-2 hours a day,A few times per month,Less than once a month,5-10 times a day,Never,Never,Never,Never,,1-2 hours a day,5-10 times a day,About once a day,About once a day,Less than once a month,Never,A few times per month,A few times per month,5-10 times a day,A few times per week,About once a month,Never,,Male,Doctoral degree,"$150,000 or more",11215,Other (please specify),Computer Architecture,Married,,Live with partner/spouse,,White or Caucasian,No,Democrat,,Anxiety disorder,,Moderately positive,Moderately positive,Moderately positive,7,5 = Made this better,6,3 = No real effect,7,4 = Made this a little better,5,5 = Made this better,7,3 = No real effect,5,3 = No real effect,10 - Completely True of Me,4 = Made this a little better,5,3 = No real effect,5,3 = No real effect,3,3 = No real effect,4,4 = Made this a little better,2,Agree,3 = No real effect,Neither agree nor disagree,3 = No real effect,Agree,3 = No real effect,Agree,4 = Made this a little better,Agree,4 = Made this a little better,Agree,3 = No real effect,Agree,Disagree,Disagree,Disagree,Disagree,Disagree,Neither agree nor disagree,Disagree,Disagree,Disagree,Disagree,Disagree,Strongly Disagree,Strongly Disagree,Strongly Disagree,Disagree,Strongly Disagree,Strongly Disagree,Strongly Disagree,Agree,Agree,Neither agree nor disagree,Disagree,Disagree,Strongly Disagree,Strongly Disagree,Neither agree nor disagree,Agree,Agree,Agree,Strongly Disagree,Agree,Disagree,Disagree,Disagree,Agree,Disagree,Disagree,Agree,Disagree,Disagree,Agree,Disagree,Disagree,Agree,Disagree,Disagree,Agree,A few times,Never,Never,A few times,Never,A few times,Never,Never,A few times,Never,Somewhat agree,Somewhat agree,Somewhat agree,Strongly disagree,Somewhat disagree,Somewhat agree,Somewhat disagree,Somewhat agree,Neither agree nor disagree,Somewhat disagree,Somewhat agree,Somewhat disagree,,,,,,,,,,Somewhat agree,Somewhat agree,Somewhat disagree,Neither agree nor disagree,Somewhat agree,Somewhat agree,Somewhat agree,Somewhat agree,Somewhat agree,Somewhat disagree,Strongly agree,Strongly disagree,NaN
